{
    "final_balance": 147.46814277697462,
    "total_return": 13.90345946011095,
    "n_trades": 12,
    "win_rate": 0.9166666666666666,
    "avg_return": 1.679985076794943,
    "total_fees": 8.265649704321689
}