{
    "final_balance": 109.1577525793601,
    "total_return": 2.8659123132658273,
    "n_trades": 5,
    "win_rate": 0.6,
    "avg_return": 1.147772427182083,
    "total_fees": 2.6807226445755883
}