{
    "final_balance": 168.53559310348527,
    "total_return": 2.859113421485554,
    "n_trades": 6,
    "win_rate": 0.6666666666666666,
    "avg_return": 1.0402631781334248,
    "total_fees": 5.041845099565097
}