{
    "BTC_EUR": {
        "total_return": 0,
        "n_trades": 0,
        "win_rate": 0,
        "best_return": 0,
        "worst_return": 0
    },
    "ETH_EUR": {
        "total_return": 0,
        "n_trades": 0,
        "win_rate": 0,
        "best_return": 0,
        "worst_return": 0
    },
    "XRP_EUR": {
        "total_return": 1.5066514627943945,
        "n_trades": 1,
        "win_rate": 100.0,
        "best_return": 2.1997766000427728,
        "worst_return": 2.1997766000427728
    },
    "SOL_EUR": {
        "total_return": 0,
        "n_trades": 0,
        "win_rate": 0,
        "best_return": 0,
        "worst_return": 0
    },
    "MATIC_EUR": {
        "total_return": -10.25621825607903,
        "n_trades": 24,
        "win_rate": 45.83333333333333,
        "best_return": 1.5000000000000082,
        "worst_return": -1.0062893081760944
    },
    "TURBO_EUR": {
        "total_return": -32.356665963034644,
        "n_trades": 101,
        "win_rate": 52.475247524752476,
        "best_return": 3.2302188552188547,
        "worst_return": -4.669470505769431
    },
    "KAS_EUR": {
        "total_return": -19.19115569200382,
        "n_trades": 57,
        "win_rate": 59.64912280701754,
        "best_return": 2.136637041027016,
        "worst_return": -2.3028850269668677
    },
    "DOT_EUR": {
        "total_return": 0,
        "n_trades": 0,
        "win_rate": 0,
        "best_return": 0,
        "worst_return": 0
    },
    "AVAX_EUR": {
        "total_return": 0,
        "n_trades": 0,
        "win_rate": 0,
        "best_return": 0,
        "worst_return": 0
    },
    "SHIB_EUR": {
        "total_return": -35.882176330888065,
        "n_trades": 87,
        "win_rate": 47.12643678160919,
        "best_return": 1.5333013895543859,
        "worst_return": -2.104256336681026
    },
    "PEPE_EUR": {
        "total_return": -93.58371983872328,
        "n_trades": 87,
        "win_rate": 47.12643678160919,
        "best_return": 2.2402531128801817,
        "worst_return": -1.9903912148249787
    },
    "GALA_EUR": {
        "total_return": -94.03737812674441,
        "n_trades": 109,
        "win_rate": 44.95412844036697,
        "best_return": 2.465753424657548,
        "worst_return": -2.9069767441860495
    },
    "KEY_EUR": {
        "total_return": -36.87371385439712,
        "n_trades": 140,
        "win_rate": 52.142857142857146,
        "best_return": 7.76119402985074,
        "worst_return": -3.567984570877524
    },
    "SUI_EUR": {
        "total_return": 0,
        "n_trades": 0,
        "win_rate": 0,
        "best_return": 0,
        "worst_return": 0
    },
    "LINK_EUR": {
        "total_return": 0,
        "n_trades": 0,
        "win_rate": 0,
        "best_return": 0,
        "worst_return": 0
    },
    "ICP_EUR": {
        "total_return": 0,
        "n_trades": 0,
        "win_rate": 0,
        "best_return": 0,
        "worst_return": 0
    },
    "RENDER_EUR": {
        "total_return": 0,
        "n_trades": 0,
        "win_rate": 0,
        "best_return": 0,
        "worst_return": 0
    },
    "TAO_EUR": {
        "total_return": 0,
        "n_trades": 0,
        "win_rate": 0,
        "best_return": 0,
        "worst_return": 0
    },
    "ARB_EUR": {
        "total_return": -3.226511849255695,
        "n_trades": 13,
        "win_rate": 61.53846153846154,
        "best_return": 1.5755091584475585,
        "worst_return": -1.3336425837875399
    },
    "ENA_EUR": {
        "total_return": -3.1987881137124132,
        "n_trades": 20,
        "win_rate": 70.0,
        "best_return": 1.4699999999999935,
        "worst_return": -1.6030902945437149
    },
    "DAI_EUR": {
        "total_return": 0,
        "n_trades": 0,
        "win_rate": 0,
        "best_return": 0,
        "worst_return": 0
    },
    "ALGO_EUR": {
        "total_return": -3.7203103210159614,
        "n_trades": 60,
        "win_rate": 61.66666666666667,
        "best_return": 2.768614514608865,
        "worst_return": -1.7305961264844987
    },
    "TIA_EUR": {
        "total_return": 0,
        "n_trades": 0,
        "win_rate": 0,
        "best_return": 0,
        "worst_return": 0
    },
    "POLS_EUR": {
        "total_return": -89.98547776912416,
        "n_trades": 11,
        "win_rate": 63.63636363636363,
        "best_return": 7.469199178644767,
        "worst_return": -5.959595959595962
    },
    "BNC_EUR": {
        "total_return": 23.618532331288534,
        "n_trades": 32,
        "win_rate": 62.5,
        "best_return": 7.407407407407414,
        "worst_return": -5.55555555555556
    },
    "SAFE_EUR": {
        "total_return": 3.1018073759452487,
        "n_trades": 3,
        "win_rate": 100.0,
        "best_return": 1.853143369532724,
        "worst_return": 1.4899713467048767
    },
    "L3_EUR": {
        "total_return": -89.82079528180115,
        "n_trades": 60,
        "win_rate": 65.0,
        "best_return": 9.242144177449163,
        "worst_return": -10.937500000000002
    },
    "MNGO_EUR": {
        "total_return": -89.16884314707877,
        "n_trades": 39,
        "win_rate": 53.84615384615385,
        "best_return": 8.292682926829269,
        "worst_return": -5.963302752293574
    },
    "SC_EUR": {
        "total_return": -92.93092412521675,
        "n_trades": 89,
        "win_rate": 53.93258426966292,
        "best_return": 4.222972972972977,
        "worst_return": -1.7828200972447301
    }
}