{
    "BTC_EUR": {
        "total_return": 0,
        "n_trades": 0,
        "win_rate": 0,
        "best_return": 0,
        "worst_return": 0
    },
    "ETH_EUR": {
        "total_return": 0,
        "n_trades": 0,
        "win_rate": 0,
        "best_return": 0,
        "worst_return": 0
    },
    "XRP_EUR": {
        "total_return": 0,
        "n_trades": 0,
        "win_rate": 0,
        "best_return": 0,
        "worst_return": 0
    },
    "SOL_EUR": {
        "total_return": 0,
        "n_trades": 0,
        "win_rate": 0,
        "best_return": 0,
        "worst_return": 0
    },
    "MATIC_EUR": {
        "total_return": -4.808010993251315,
        "n_trades": 23,
        "win_rate": 60.86956521739131,
        "best_return": 2.3328473234742733,
        "worst_return": -1.1418269230769198
    },
    "TURBO_EUR": {
        "total_return": -39.54255387304257,
        "n_trades": 107,
        "win_rate": 52.336448598130836,
        "best_return": 2.921782628467488,
        "worst_return": -4.669470505769431
    },
    "KAS_EUR": {
        "total_return": -23.514018914488833,
        "n_trades": 59,
        "win_rate": 50.847457627118644,
        "best_return": 2.6081699628638004,
        "worst_return": -2.122735615673138
    },
    "DOT_EUR": {
        "total_return": 0,
        "n_trades": 0,
        "win_rate": 0,
        "best_return": 0,
        "worst_return": 0
    },
    "AVAX_EUR": {
        "total_return": 0,
        "n_trades": 0,
        "win_rate": 0,
        "best_return": 0,
        "worst_return": 0
    },
    "SHIB_EUR": {
        "total_return": -36.85124047914465,
        "n_trades": 111,
        "win_rate": 53.153153153153156,
        "best_return": 2.677787532923629,
        "worst_return": -2.104256336681026
    },
    "PEPE_EUR": {
        "total_return": -37.59805417206057,
        "n_trades": 99,
        "win_rate": 47.474747474747474,
        "best_return": 2.036542589393239,
        "worst_return": -1.7557626287395731
    },
    "GALA_EUR": {
        "total_return": -28.513278653347392,
        "n_trades": 92,
        "win_rate": 53.2608695652174,
        "best_return": 3.23383084577115,
        "worst_return": -2.9069767441860495
    },
    "KEY_EUR": {
        "total_return": -41.927316761361546,
        "n_trades": 143,
        "win_rate": 46.15384615384615,
        "best_return": 7.76119402985074,
        "worst_return": -3.567984570877524
    },
    "SUI_EUR": {
        "total_return": 0,
        "n_trades": 0,
        "win_rate": 0,
        "best_return": 0,
        "worst_return": 0
    },
    "LINK_EUR": {
        "total_return": 0,
        "n_trades": 0,
        "win_rate": 0,
        "best_return": 0,
        "worst_return": 0
    },
    "ICP_EUR": {
        "total_return": 0,
        "n_trades": 0,
        "win_rate": 0,
        "best_return": 0,
        "worst_return": 0
    },
    "RENDER_EUR": {
        "total_return": 0,
        "n_trades": 0,
        "win_rate": 0,
        "best_return": 0,
        "worst_return": 0
    },
    "TAO_EUR": {
        "total_return": 0,
        "n_trades": 0,
        "win_rate": 0,
        "best_return": 0,
        "worst_return": 0
    },
    "ARB_EUR": {
        "total_return": -4.036365980169246,
        "n_trades": 12,
        "win_rate": 50.0,
        "best_return": 1.0079193664506796,
        "worst_return": -0.8820600369896122
    },
    "ENA_EUR": {
        "total_return": 0.8816218097739439,
        "n_trades": 21,
        "win_rate": 66.66666666666666,
        "best_return": 4.843918191603863,
        "worst_return": -1.056085307084997
    },
    "DAI_EUR": {
        "total_return": 0,
        "n_trades": 0,
        "win_rate": 0,
        "best_return": 0,
        "worst_return": 0
    },
    "ALGO_EUR": {
        "total_return": -7.7001935174860865,
        "n_trades": 63,
        "win_rate": 58.730158730158735,
        "best_return": 2.768614514608865,
        "worst_return": -1.7305961264844987
    },
    "TIA_EUR": {
        "total_return": 0,
        "n_trades": 0,
        "win_rate": 0,
        "best_return": 0,
        "worst_return": 0
    },
    "POLS_EUR": {
        "total_return": 4.914036600543836,
        "n_trades": 12,
        "win_rate": 66.66666666666666,
        "best_return": 7.469199178644767,
        "worst_return": -5.959595959595962
    },
    "BNC_EUR": {
        "total_return": -88.22528689291566,
        "n_trades": 30,
        "win_rate": 60.0,
        "best_return": 7.407407407407414,
        "worst_return": -6.000000000000005
    },
    "SAFE_EUR": {
        "total_return": 4.241046804945868,
        "n_trades": 3,
        "win_rate": 100.0,
        "best_return": 2.7316141356255934,
        "worst_return": 1.6415604480494304
    },
    "L3_EUR": {
        "total_return": 7.250371608241495,
        "n_trades": 60,
        "win_rate": 66.66666666666666,
        "best_return": 12.28273464658169,
        "worst_return": -10.937500000000002
    },
    "MNGO_EUR": {
        "total_return": -89.06453920736284,
        "n_trades": 39,
        "win_rate": 58.97435897435898,
        "best_return": 8.292682926829269,
        "worst_return": -3.1674208144796503
    },
    "SC_EUR": {
        "total_return": -25.40312247928186,
        "n_trades": 85,
        "win_rate": 50.588235294117645,
        "best_return": 4.222972972972977,
        "worst_return": -1.7828200972447301
    }
}