{
    "final_balance": 112.81632669722495,
    "total_return": 3.3516392848093686,
    "n_trades": 14,
    "win_rate": 0.5714285714285714,
    "avg_return": 0.7774078084569905,
    "total_fees": 7.762484898510531
}