{
    "final_balance": 117.89589991912581,
    "total_return": 1.4285253050835178,
    "n_trades": 6,
    "win_rate": 0.5,
    "avg_return": 0.7846953435361149,
    "total_fees": 3.496409138719561
}