{
    "final_balance": 106.11654543726131,
    "total_return": 1.1034007256000626,
    "n_trades": 7,
    "win_rate": 0.7142857142857143,
    "avg_return": 0.6947558986664052,
    "total_fees": 3.688297311975263
}