{
    "final_balance": 123.4820684367568,
    "total_return": 4.738221194683609,
    "n_trades": 9,
    "win_rate": 0.5555555555555556,
    "avg_return": 1.080722030521284,
    "total_fees": 5.380572939884736
}