{
    "final_balance": 189.83735922128108,
    "total_return": 12.63932782715872,
    "n_trades": 4,
    "win_rate": 0.75,
    "avg_return": 3.766472520020768,
    "total_fees": 3.603275545580697
}