{
    "final_balance": 116.2354471432081,
    "total_return": 3.030696483461429,
    "n_trades": 6,
    "win_rate": 0.6666666666666666,
    "avg_return": 1.0587620714381654,
    "total_fees": 3.4525807840393163
}