{
    "final_balance": 104.95843332240345,
    "total_return": 4.958433322403451,
    "n_trades": 1,
    "win_rate": 1.0,
    "avg_return": 5.754364845866047,
    "total_fees": 0.5082132811692891
}