{
    "final_balance": 163.85090975155245,
    "total_return": 11.109360073351251,
    "n_trades": 11,
    "win_rate": 1.0,
    "avg_return": 1.5442802312733632,
    "total_fees": 8.334402035093047
}