{
    "final_balance": 129.46765925807375,
    "total_return": 4.847336052183607,
    "n_trades": 8,
    "win_rate": 0.5,
    "avg_return": 1.1984056801381424,
    "total_fees": 5.23808403822145
}